{
  "mean_nll": 3.047547061958061,
  "std_nll": 2.1612379814222145,
  "mean_probability": 0.2052967292815447,
  "std_probability": 0.282719457114304,
  "class_mean_nlls": {
    "BatFish": 6.02165813813259,
    "LeafySeaDragon": 1.1914641343151628,
    "Octopus": 3.4199195577539023,
    "Pagurian": 6.242542711789703,
    "Pipefish": 2.4262053414883136,
    "ScorpionFish": 1.0455812964473554,
    "SeaHorse": 2.793427906167397,
    "Shrimp": 4.704088240878538,
    "Slug": 6.118328078955969,
    "StarFish": 1.814674806640183,
    "Stingaree": 2.160244733476881,
    "ClownFish": 2.192922927673643,
    "Turtle": 4.06395666399808,
    "Crab": 3.6455241561893996,
    "Crocodile": 1.3751928150921218,
    "CrocodileFish": 3.0226090648805304,
    "Fish": 5.411286626081611,
    "Flounder": 2.954878582302267,
    "FrogFish": 1.3922545899279972,
    "GhostPipefish": 1.3380306703358433,
    "Ant": 3.806683379783803,
    "Bug": 3.0914218497838406,
    "Cat": 4.7360686676939645,
    "Caterpillar": 2.8379905771660985,
    "Centipede": 1.1632776235161248,
    "Chameleon": 2.589314927764144,
    "Cheetah": 1.9074716827532399,
    "Deer": 2.7441715607756123,
    "Dog": 4.793010374668421,
    "Duck": 3.4855864867410835,
    "Gecko": 3.8663188383969445,
    "Giraffe": 2.1787810777613643,
    "Grouse": 1.5230236355325517,
    "Human": 4.267339836449236,
    "Kangaroo": 3.0261901750244924,
    "Leopard": 1.1059231454260279,
    "Lion": 3.0237194252744763,
    "Lizard": 2.5057864475088545,
    "Monkey": 1.922171624102135,
    "Rabbit": 2.9630484584146286,
    "Reccoon": 4.331533143583924,
    "Sciuridae": 2.501377031073155,
    "Sheep": 4.467618556294392,
    "Snake": 2.4543616463865687,
    "Spider": 3.925624516626386,
    "StickInsect": 1.651374350425847,
    "Tiger": 3.687783558835049,
    "Wolf": 2.2414054100405756,
    "Worm": 5.423952381288768,
    "Bat": 2.6133446696751412,
    "Bee": 1.1382446327560873,
    "Beetle": 2.676897731648021,
    "Bird": 4.137373880939133,
    "Bittern": 1.5868524462165816,
    "Butterfly": 3.2896456230615256,
    "Cicada": 3.572756169619704,
    "Dragonfly": 2.6284285889973944,
    "Frogmouth": 0.3506837809346353,
    "Grasshopper": 2.424867978756558,
    "Heron": 1.58016457538645,
    "Katydid": 3.1506907525405885,
    "Mantis": 2.8597977586719403,
    "Mockingbird": 0.8631547368512817,
    "Moth": 3.0260411917554157,
    "Owl": 2.1233254570790905,
    "Owlfly": 4.044589787240109,
    "Frog": 3.0549597595874984,
    "Toad": 1.7413475096678497,
    "Other": 5.642615957557907,
    "Amphibian": 1.9614745891951453,
    "Aquatic": 2.9615664596103994,
    "Flying": 5.440062897088371,
    "Terrestial": 3.710191175147367,
    "Indoor": 2.969621101243576,
    "Ocean": 2.9166763047225137,
    "Sand": 1.7263307329021738,
    "Sky": 0.6494115539561157,
    "Vegetation": 1.615177779194657
  },
  "class_mean_scores": {
    "BatFish": 0.0029430389404296875,
    "LeafySeaDragon": 0.4970703125,
    "Octopus": 0.10282752627418154,
    "Pagurian": 0.0026852289835611978,
    "Pipefish": 0.17761593000263187,
    "ScorpionFish": 0.46554500498670215,
    "SeaHorse": 0.16256353204900567,
    "Shrimp": 0.027904510498046875,
    "Slug": 0.0025634765625,
    "StarFish": 0.3138292100694444,
    "Stingaree": 0.2705315483940972,
    "ClownFish": 0.342449951171875,
    "Turtle": 0.04388427734375,
    "Crab": 0.0763678715146821,
    "Crocodile": 0.3854282924107143,
    "CrocodileFish": 0.055582682291666664,
    "Fish": 0.010501661966013353,
    "Flounder": 0.12369855244954427,
    "FrogFish": 0.37172154017857145,
    "GhostPipefish": 0.3710222942073171,
    "Ant": 0.07359199523925782,
    "Bug": 0.07089996337890625,
    "Cat": 0.0787562031612218,
    "Caterpillar": 0.1597288082807492,
    "Centipede": 0.5486653645833334,
    "Chameleon": 0.22663470676967076,
    "Cheetah": 0.2822021484375,
    "Deer": 0.24106008356267755,
    "Dog": 0.09491655100946841,
    "Duck": 0.12575857979910715,
    "Gecko": 0.04171311227898849,
    "Giraffe": 0.3335232204861111,
    "Grouse": 0.5618406023297992,
    "Human": 0.027817916870117188,
    "Kangaroo": 0.12821451822916666,
    "Leopard": 0.5623210560191761,
    "Lion": 0.219036865234375,
    "Lizard": 0.15675492720170456,
    "Monkey": 0.35931396484375,
    "Rabbit": 0.168365478515625,
    "Reccoon": 0.02618408203125,
    "Sciuridae": 0.2851696014404297,
    "Sheep": 0.011474609375,
    "Snake": 0.22842625209263392,
    "Spider": 0.12617827852567037,
    "StickInsect": 0.38973669103673986,
    "Tiger": 0.20810508728027344,
    "Wolf": 0.3642985026041667,
    "Worm": 0.005328091708096591,
    "Bat": 0.28285862849308896,
    "Bee": 0.5491832386363636,
    "Beetle": 0.0960693359375,
    "Bird": 0.07500825179250617,
    "Bittern": 0.5233561197916666,
    "Butterfly": 0.17681523089138967,
    "Cicada": 0.19909454981486002,
    "Dragonfly": 0.188458251953125,
    "Frogmouth": 0.7706473214285714,
    "Grasshopper": 0.1925893291350334,
    "Heron": 0.382499363111413,
    "Katydid": 0.18027372138444767,
    "Mantis": 0.14643970612556703,
    "Mockingbird": 0.5849522181919643,
    "Moth": 0.15423067154422884,
    "Owl": 0.27145525435326806,
    "Owlfly": 0.05551910400390625,
    "Frog": 0.0727292841131037,
    "Toad": 0.36939730644226076,
    "Other": 0.0063444773356119795,
    "Amphibian": 0.20176733107793898,
    "Aquatic": 0.10633039077123006,
    "Flying": 0.02801556701730625,
    "Terrestial": 0.07853001594543457,
    "Indoor": 0.17798277047964242,
    "Ocean": 0.306815285815133,
    "Sand": 0.3945734003087977,
    "Sky": 0.6856853109567277,
    "Vegetation": 0.3719040175615731
  },
  "accuracy": 0.26675,
  "correct": 1067,
  "num_samples": 4000
}