{
  "mean_nll": 2.751522686186431,
  "std_nll": 2.1730939145802513,
  "mean_probability": 0.24772913498679797,
  "std_probability": 0.30381857530650835,
  "class_mean_nlls": {
    "BatFish": 3.664019416095899,
    "LeafySeaDragon": 0.8500626266773746,
    "Octopus": 2.818284190565317,
    "Pagurian": 5.869117909625346,
    "Pipefish": 1.795589813909609,
    "ScorpionFish": 0.7004029898193233,
    "SeaHorse": 2.2771576926284145,
    "Shrimp": 3.3489489299367627,
    "Slug": 6.0760948694337005,
    "StarFish": 1.7706208525709153,
    "Stingaree": 1.5420742922754112,
    "ClownFish": 2.18703249151717,
    "Turtle": 2.6958688495921512,
    "Crab": 2.274781699271556,
    "Crocodile": 0.72260715181019,
    "CrocodileFish": 1.2613284725732572,
    "Fish": 5.02398624744666,
    "Flounder": 1.164937398553821,
    "FrogFish": 3.1961811811857226,
    "GhostPipefish": 1.1966786532242155,
    "Ant": 3.2104837290925214,
    "Bug": 3.860823011991771,
    "Cat": 3.4785583677854524,
    "Caterpillar": 2.344747412620267,
    "Centipede": 1.709173967263594,
    "Chameleon": 1.7680398845050704,
    "Cheetah": 0.8178833751935679,
    "Deer": 1.4707382033517356,
    "Dog": 3.9906235914302135,
    "Duck": 2.6518445748893678,
    "Gecko": 2.985323120461619,
    "Giraffe": 0.9201919336033186,
    "Grouse": 1.3878926941301633,
    "Human": 4.015629412538751,
    "Kangaroo": 3.095685876922813,
    "Leopard": 0.3897173535207646,
    "Lion": 1.4092128563327546,
    "Lizard": 1.9314754956507616,
    "Monkey": 3.505521991602278,
    "Rabbit": 3.829337767820105,
    "Reccoon": 1.4107199074846395,
    "Sciuridae": 1.600899371030738,
    "Sheep": 5.950331077337991,
    "Snake": 1.1606268172168088,
    "Spider": 3.5278068738794808,
    "StickInsect": 1.1730295139587004,
    "Tiger": 1.183305030859772,
    "Wolf": 3.3889252750329524,
    "Worm": 5.418151442661338,
    "Bat": 1.758689564000931,
    "Bee": 0.8836524078800805,
    "Beetle": 3.6483981476935647,
    "Bird": 3.5721669292663214,
    "Bittern": 1.30894277893947,
    "Butterfly": 3.222137146525888,
    "Cicada": 2.206973911642291,
    "Dragonfly": 2.396239606555125,
    "Frogmouth": 0.5210881266604038,
    "Grasshopper": 2.086300633885525,
    "Heron": 2.8115594462336975,
    "Katydid": 2.5846346137564544,
    "Mantis": 2.3621396282685225,
    "Mockingbird": 1.0757483086229136,
    "Moth": 2.3505070080728028,
    "Owl": 1.3983334352710362,
    "Owlfly": 3.984358826992286,
    "Frog": 2.6531903226009765,
    "Toad": 1.4927475778764503,
    "Other": 5.872647328076187,
    "Amphibian": 1.7830551841746254,
    "Aquatic": 2.774865124672289,
    "Flying": 5.526696331209066,
    "Terrestial": 3.611264249644755,
    "Indoor": 2.3549999060288886,
    "Ocean": 3.1028294384493833,
    "Sand": 1.3406124248929394,
    "Sky": 0.7091744446762233,
    "Vegetation": 1.3293371743206424
  },
  "class_mean_scores": {
    "BatFish": 0.057928466796875,
    "LeafySeaDragon": 0.535986328125,
    "Octopus": 0.21906579059103262,
    "Pagurian": 0.010805402483258928,
    "Pipefish": 0.2423461175733997,
    "ScorpionFish": 0.589238864272388,
    "SeaHorse": 0.23355564926609848,
    "Shrimp": 0.06277863875679347,
    "Slug": 0.0029195149739583335,
    "StarFish": 0.42346058721127716,
    "Stingaree": 0.27430943080357145,
    "ClownFish": 0.261993408203125,
    "Turtle": 0.31565602620442706,
    "Crab": 0.3147310220970298,
    "Crocodile": 0.6237074908088235,
    "CrocodileFish": 0.320068359375,
    "Fish": 0.011895670209612165,
    "Flounder": 0.4256642659505208,
    "FrogFish": 0.05358014787946429,
    "GhostPipefish": 0.40544925518889924,
    "Ant": 0.18470191955566406,
    "Bug": 0.03336738137637868,
    "Cat": 0.14845864387119517,
    "Caterpillar": 0.23365482531095805,
    "Centipede": 0.2797119140625,
    "Chameleon": 0.34320615685504413,
    "Cheetah": 0.67060546875,
    "Deer": 0.5191307067871094,
    "Dog": 0.1442528315952846,
    "Duck": 0.18567829132080077,
    "Gecko": 0.09834575653076172,
    "Giraffe": 0.530517578125,
    "Grouse": 0.4240966796875,
    "Human": 0.03724724905831473,
    "Kangaroo": 0.21444257100423178,
    "Leopard": 0.7482277199074074,
    "Lion": 0.4092610677083333,
    "Lizard": 0.25042056341240876,
    "Monkey": 0.23815155029296875,
    "Rabbit": 0.1843356556362576,
    "Reccoon": 0.2679036458333333,
    "Sciuridae": 0.4445489247639974,
    "Sheep": 0.024480581283569336,
    "Snake": 0.5586821684023229,
    "Spider": 0.1528536993008788,
    "StickInsect": 0.49976211939102566,
    "Tiger": 0.5819008567116477,
    "Wolf": 0.20855636596679689,
    "Worm": 0.007852855481599507,
    "Bat": 0.51942138671875,
    "Bee": 0.68231201171875,
    "Beetle": 0.070355224609375,
    "Bird": 0.12757438673100002,
    "Bittern": 0.6629514694213867,
    "Butterfly": 0.179916723150956,
    "Cicada": 0.2868001080941463,
    "Dragonfly": 0.231414794921875,
    "Frogmouth": 0.6935847355769231,
    "Grasshopper": 0.24380882636650458,
    "Heron": 0.29603971242904664,
    "Katydid": 0.23540501280145332,
    "Mantis": 0.19445037841796875,
    "Mockingbird": 0.5119674117476852,
    "Moth": 0.23021744708625638,
    "Owl": 0.41913473195043105,
    "Owlfly": 0.060161045619419644,
    "Frog": 0.1355000705253787,
    "Toad": 0.4378994064054627,
    "Other": 0.010847338314714104,
    "Amphibian": 0.25295923626612105,
    "Aquatic": 0.11473982142305922,
    "Flying": 0.026752883707586265,
    "Terrestial": 0.08847381222632623,
    "Indoor": 0.22333103272973037,
    "Ocean": 0.26790817203345124,
    "Sand": 0.5009025459858909,
    "Sky": 0.6787243854210998,
    "Vegetation": 0.4209145346840659
  },
  "accuracy": 0.3011666666666667,
  "correct": 1807,
  "num_samples": 6000
}