{
  "mean_nll": 2.695239162843317,
  "std_nll": 2.147377897106561,
  "mean_probability": 0.2574965078085661,
  "std_probability": 0.3103635773410874,
  "class_mean_nlls": {
    "BatFish": 4.671428115440941,
    "LeafySeaDragon": 0.7042406060153923,
    "Octopus": 2.5699011762530963,
    "Pagurian": 5.947036424501145,
    "Pipefish": 2.035635690826156,
    "ScorpionFish": 0.7061740100839516,
    "SeaHorse": 2.361397583477921,
    "Shrimp": 4.568329641017981,
    "Slug": 2.8126329588948265,
    "StarFish": 1.3610298055134236,
    "Stingaree": 1.37698237522576,
    "ClownFish": 1.221622750591661,
    "Turtle": 3.627152896967736,
    "Crab": 2.5063546935225065,
    "Crocodile": 0.9941577864952301,
    "CrocodileFish": 1.9131993389049236,
    "Fish": 5.131751621770513,
    "Flounder": 1.656595716554128,
    "FrogFish": 1.988907280612246,
    "GhostPipefish": 0.9819615772977728,
    "Ant": 3.6998117954844596,
    "Bug": 3.342877202174678,
    "Cat": 3.3535493022806375,
    "Caterpillar": 2.411814344916475,
    "Centipede": 0.9446350681298297,
    "Chameleon": 2.3114083791798055,
    "Cheetah": 1.258249326635165,
    "Deer": 1.2912842640870563,
    "Dog": 3.4070472101602998,
    "Duck": 3.4413453029713734,
    "Gecko": 2.752229453975226,
    "Giraffe": 0.7921891117372251,
    "Grouse": 0.26720581905461305,
    "Human": 3.859221357432064,
    "Kangaroo": 1.8575495218419762,
    "Leopard": 0.9838933740971942,
    "Lion": 0.6039939341651597,
    "Lizard": 1.8182650043697923,
    "Monkey": 1.85229065291184,
    "Rabbit": 2.299757353018847,
    "Reccoon": 3.7466684847780143,
    "Sciuridae": 2.0293539227158814,
    "Sheep": 4.3013831385867745,
    "Snake": 1.5795473369481978,
    "Spider": 3.697124804890821,
    "StickInsect": 1.2292737537517056,
    "Tiger": 1.1221788252712876,
    "Wolf": 1.8512094231896175,
    "Worm": 5.186011176466557,
    "Bat": 1.9065426572045423,
    "Bee": 0.45871090554256055,
    "Beetle": 3.7049138483653934,
    "Bird": 3.5512732098128676,
    "Bittern": 0.5954399315595192,
    "Butterfly": 2.6396281627899834,
    "Cicada": 2.1205418922044235,
    "Dragonfly": 1.8016823596035039,
    "Frogmouth": 0.6478931817978933,
    "Grasshopper": 2.1213050499810895,
    "Heron": 1.040607053262108,
    "Katydid": 2.656851903902549,
    "Mantis": 2.4955776025406387,
    "Mockingbird": 0.6687131877103197,
    "Moth": 1.9355908315036954,
    "Owl": 1.2913919405139125,
    "Owlfly": 3.6377406456298744,
    "Frog": 2.678601061608875,
    "Toad": 1.2828442448247708,
    "Other": 5.224388202911539,
    "Amphibian": 1.747030495205811,
    "Aquatic": 2.874530455015882,
    "Flying": 5.410967521297444,
    "Terrestial": 3.603826517050411,
    "Indoor": 2.8036834752381457,
    "Ocean": 2.852787344966316,
    "Sand": 1.5421651153234017,
    "Sky": 0.6691050096557876,
    "Vegetation": 1.411988771508039
  },
  "class_mean_scores": {
    "BatFish": 0.02193450927734375,
    "LeafySeaDragon": 0.5966796875,
    "Octopus": 0.19971865699404762,
    "Pagurian": 0.004331429799397786,
    "Pipefish": 0.2263960601590204,
    "ScorpionFish": 0.556879571143617,
    "SeaHorse": 0.210015869140625,
    "Shrimp": 0.01857916514078776,
    "Slug": 0.21234130859375,
    "StarFish": 0.4162868923611111,
    "Stingaree": 0.4063856336805556,
    "ClownFish": 0.4240234375,
    "Turtle": 0.0543975830078125,
    "Crab": 0.2504559220938847,
    "Crocodile": 0.5201590401785714,
    "CrocodileFish": 0.20719401041666666,
    "Fish": 0.016689500143361645,
    "Flounder": 0.3126729329427083,
    "FrogFish": 0.4853755405970982,
    "GhostPipefish": 0.4771698742378049,
    "Ant": 0.13052444458007811,
    "Bug": 0.08242138949307529,
    "Cat": 0.16157381111216323,
    "Caterpillar": 0.228364993364383,
    "Centipede": 0.5914713541666666,
    "Chameleon": 0.27380589076450895,
    "Cheetah": 0.5547943115234375,
    "Deer": 0.446044921875,
    "Dog": 0.21601179371709409,
    "Duck": 0.19565691266741073,
    "Gecko": 0.11747661389802631,
    "Giraffe": 0.6586100260416666,
    "Grouse": 0.8161272321428571,
    "Human": 0.048320833841959634,
    "Kangaroo": 0.2993977864583333,
    "Leopard": 0.5679709694602273,
    "Lion": 0.681640625,
    "Lizard": 0.26692972554788963,
    "Monkey": 0.41387939453125,
    "Rabbit": 0.2959810144761029,
    "Reccoon": 0.0240478515625,
    "Sciuridae": 0.3819694519042969,
    "Sheep": 0.0135498046875,
    "Snake": 0.4738398960658482,
    "Spider": 0.14401507377624512,
    "StickInsect": 0.4878606023015203,
    "Tiger": 0.6147537231445312,
    "Wolf": 0.485137939453125,
    "Worm": 0.007081465287642045,
    "Bat": 0.48145411564753604,
    "Bee": 0.7870871803977273,
    "Beetle": 0.037251790364583336,
    "Bird": 0.1252310501901727,
    "Bittern": 0.6846516927083334,
    "Butterfly": 0.26809836333652715,
    "Cicada": 0.44273016187879777,
    "Dragonfly": 0.30485432942708335,
    "Frogmouth": 0.6441824776785714,
    "Grasshopper": 0.23422759194527903,
    "Heron": 0.5316719386888586,
    "Katydid": 0.22795720063438712,
    "Mantis": 0.19529268818516884,
    "Mockingbird": 0.6294294084821429,
    "Moth": 0.2741482642389113,
    "Owl": 0.4396123751788072,
    "Owlfly": 0.1467920939127604,
    "Frog": 0.10347678444602272,
    "Toad": 0.4792208671569824,
    "Other": 0.009471638997395834,
    "Amphibian": 0.24100458054315477,
    "Aquatic": 0.11920705477396647,
    "Flying": 0.029343402297625987,
    "Terrestial": 0.09322633266448975,
    "Indoor": 0.18388953575721154,
    "Ocean": 0.32044102085961235,
    "Sand": 0.4447439424284212,
    "Sky": 0.6840276767552825,
    "Vegetation": 0.42016907600359726
  },
  "accuracy": 0.319,
  "correct": 1276,
  "num_samples": 4000
}