{
  "mean_nll": 3.114519580492495,
  "std_nll": 2.1514141027405165,
  "mean_probability": 0.19401829429467518,
  "std_probability": 0.2739278161372567,
  "class_mean_nlls": {
    "BatFish": 5.313363099721637,
    "LeafySeaDragon": 1.381664216152038,
    "Octopus": 3.581923165479528,
    "Pagurian": 6.010176243777787,
    "Pipefish": 2.4463904654463384,
    "ScorpionFish": 0.9986123414830376,
    "SeaHorse": 2.768634215400954,
    "Shrimp": 3.9381649419395424,
    "Slug": 6.785083953805124,
    "StarFish": 2.760091502109177,
    "Stingaree": 2.4096627951344063,
    "ClownFish": 3.207339519336492,
    "Turtle": 3.768294351439696,
    "Crab": 2.8795890430650792,
    "Crocodile": 1.2618920305513817,
    "CrocodileFish": 1.4628455490497845,
    "Fish": 5.447119795670053,
    "Flounder": 3.3339259212374284,
    "FrogFish": 2.7026404570388833,
    "GhostPipefish": 1.7062955498086523,
    "Ant": 3.880241873620084,
    "Bug": 4.574612210071756,
    "Cat": 4.904495300703932,
    "Caterpillar": 2.8441690321820636,
    "Centipede": 2.3034248257990617,
    "Chameleon": 2.1909323834725933,
    "Cheetah": 1.4113484850453148,
    "Deer": 2.4897301755917667,
    "Dog": 4.6601497904770754,
    "Duck": 3.5574074707169947,
    "Gecko": 3.7421450365565136,
    "Giraffe": 1.8201429420237443,
    "Grouse": 2.1753234146628446,
    "Human": 4.2475837008509485,
    "Kangaroo": 4.258643786408583,
    "Leopard": 0.6587945148873302,
    "Lion": 1.982133582586351,
    "Lizard": 2.792313374225076,
    "Monkey": 4.833682961264478,
    "Rabbit": 4.050085399018986,
    "Reccoon": 4.450192655497133,
    "Sciuridae": 2.780306522765972,
    "Sheep": 5.0686843130908095,
    "Snake": 2.2349352374119453,
    "Spider": 4.095552871504029,
    "StickInsect": 1.8589903172117612,
    "Tiger": 3.032090011875511,
    "Wolf": 4.114018753761502,
    "Worm": 5.426849688328785,
    "Bat": 2.858999587826873,
    "Bee": 1.123435375723151,
    "Beetle": 3.787323765701321,
    "Bird": 4.049862923342409,
    "Bittern": 1.9585937972015635,
    "Butterfly": 3.6464599991857485,
    "Cicada": 3.2298519897384073,
    "Dragonfly": 3.5049195905343824,
    "Frogmouth": 0.8382935088560465,
    "Grasshopper": 2.5773691205253226,
    "Heron": 2.6514642372637534,
    "Katydid": 2.8709256951838915,
    "Mantis": 2.840816105607831,
    "Mockingbird": 1.610231270608263,
    "Moth": 3.4595945784683364,
    "Owl": 2.00762497629967,
    "Owlfly": 4.823345840815869,
    "Frog": 3.0428368142778948,
    "Toad": 2.0411429991727204,
    "Other": 5.969778635751105,
    "Amphibian": 1.903190934629122,
    "Aquatic": 2.8398647618408908,
    "Flying": 5.607417682664847,
    "Terrestial": 3.66243812878539,
    "Indoor": 2.4647343619473263,
    "Ocean": 3.125007931806568,
    "Sand": 1.6646863887790082,
    "Sky": 0.6625189963673866,
    "Vegetation": 1.524180468334876
  },
  "class_mean_scores": {
    "BatFish": 0.0436981201171875,
    "LeafySeaDragon": 0.37841796875,
    "Octopus": 0.047456824261209236,
    "Pagurian": 0.0041212354387555805,
    "Pipefish": 0.18246504788025183,
    "ScorpionFish": 0.4838835303463153,
    "SeaHorse": 0.14351600107520518,
    "Shrimp": 0.05173923658288043,
    "Slug": 0.0036668777465820312,
    "StarFish": 0.18612803583559784,
    "Stingaree": 0.20214407784598215,
    "ClownFish": 0.2562541961669922,
    "Turtle": 0.1465733846028646,
    "Crab": 0.1543132853957842,
    "Crocodile": 0.48635684742647056,
    "CrocodileFish": 0.283935546875,
    "Fish": 0.014478928702218192,
    "Flounder": 0.08240572611490886,
    "FrogFish": 0.10566057477678571,
    "GhostPipefish": 0.29179575905871036,
    "Ant": 0.10430192947387695,
    "Bug": 0.02503181906307445,
    "Cat": 0.0690042858614641,
    "Caterpillar": 0.16571406314247533,
    "Centipede": 0.165283203125,
    "Chameleon": 0.2733232249384341,
    "Cheetah": 0.44813232421875,
    "Deer": 0.3452688852945964,
    "Dog": 0.11863926478794642,
    "Duck": 0.11445159912109375,
    "Gecko": 0.05095338821411133,
    "Giraffe": 0.2507527669270833,
    "Grouse": 0.280224609375,
    "Human": 0.03579797550123565,
    "Kangaroo": 0.0692291259765625,
    "Leopard": 0.7133481061017072,
    "Lion": 0.2616102430555556,
    "Lizard": 0.11578369140625,
    "Monkey": 0.013916015625,
    "Rabbit": 0.10093137953016493,
    "Reccoon": 0.053181966145833336,
    "Sciuridae": 0.18528366088867188,
    "Sheep": 0.08724784851074219,
    "Snake": 0.28003981055282967,
    "Spider": 0.06982759634653728,
    "StickInsect": 0.3260967548076923,
    "Tiger": 0.21558900312943893,
    "Wolf": 0.05564422607421875,
    "Worm": 0.007294303492495888,
    "Bat": 0.190032958984375,
    "Bee": 0.62286376953125,
    "Beetle": 0.04263916015625,
    "Bird": 0.07605132922320298,
    "Bittern": 0.37561007908412386,
    "Butterfly": 0.14672330053229082,
    "Cicada": 0.1892622519230497,
    "Dragonfly": 0.1264646970308744,
    "Frogmouth": 0.5551570012019231,
    "Grasshopper": 0.17425457080761036,
    "Heron": 0.24980847040812174,
    "Katydid": 0.2126330071753198,
    "Mantis": 0.1394878387451172,
    "Mockingbird": 0.3800726996527778,
    "Moth": 0.11837682918626435,
    "Owl": 0.3151018866177263,
    "Owlfly": 0.02067511422293527,
    "Frog": 0.09553555744450266,
    "Toad": 0.3271524456964023,
    "Other": 0.007337899043642241,
    "Amphibian": 0.21871221633184523,
    "Aquatic": 0.10905486358993355,
    "Flying": 0.024131720509551858,
    "Terrestial": 0.07754404314102666,
    "Indoor": 0.21857331438762387,
    "Ocean": 0.25911104060985424,
    "Sand": 0.42265223033392607,
    "Sky": 0.6853971963726593,
    "Vegetation": 0.36959947159875445
  },
  "accuracy": 0.2475,
  "correct": 1485,
  "num_samples": 6000
}